Qual è la funzione principale dell'Arbitro Bancario Finanziario (ABF) secondo il Caravaggio Codex?,Risolvere in via stragiudiziale le controversie tra clienti e intermediari finanziari senza ricorrere immediatamente al tribunale.
In quali casi è utile rivolgersi all'ABF per una contestazione bancaria?,"Per contestare bonifici non autorizzati, operazioni anomale sul conto o condotte della banca che violano la diligenza richiesta."
"Secondo gli orientamenti ABF citati, quale obbligo ha la banca nel monitoraggio delle transazioni?",La banca deve rilevare le anomalie nelle operazioni e attivare sistemi di monitoraggio rafforzato o blocco automatico.
"Nel caso reale di dodici bonifici verso la Lituania, perché l'ABF ha riconosciuto un rimborso parziale?",Perché la banca non ha rilevato l'anomalia delle operazioni ripetute e non ha attivato tempestivamente il blocco automatico.
Qual è il primo passo suggerito prima di procedere con un ricorso formale all'ABF?,Presentare un reclamo scritto direttamente alla banca per cercare di strutturare la controversia con documenti e prove.
Cos'è la 'diligenza professionale' richiesta a una banca secondo la giurisprudenza ABF?,È l'obbligo dell'istituto di adottare misure di sicurezza adeguate a prevenire frodi e proteggere l'integrità dei fondi dei clienti.
Come valuta l'ABF la responsabilità della banca in caso di 'falsa telefonata di sicurezza'?,Analizza se la banca ha fornito strumenti di autenticazione forte e se ha ignorato segnali di operazioni chiaramente anomale.
Quale elemento è fondamentale fornire all'ABF per supportare una contestazione di bonifico disconosciuto?,Una documentazione cronologica chiara che dimostri l'assenza di autorizzazione e la tempestività della denuncia.
"Secondo il Caravaggio Codex, cosa deve fare un cliente prima di autorizzare un pagamento verso un nuovo IBAN?",Confrontare l'IBAN con una fonte indipendente e chiamare il numero ufficiale della banca trovato su documenti reali.
"In caso di phishing bancario, qual è la posizione dell'ABF sulla colpa del cliente?","Valuta se il comportamento del cliente è stato caratterizzato da colpa grave, come la cessione volontaria di tutte le credenziali."
Perché la giurisprudenza ABF considera i 'blocchi tardivi' del conto come una responsabilità della banca?,Perché la banca è tenuta a intervenire non appena riceve la segnalazione o rileva un'attività sospetta evidente.
Che ruolo ha il 'Database Autorità Finanziarie (190)' nella strategia di autodifesa proposta?,Permette di verificare se un operatore è regolarmente iscritto nei registri pubblici e autorizzato a prestare servizi nel paese.
Qual è la 'regola finale di autodifesa' per bloccare gran parte delle truffe finanziarie?,Sospendere l'operazione per almeno trenta minuti e ricontrollare tutto tramite un canale di comunicazione indipendente.
"In caso di SIM Swap, quale carenza della banca viene spesso sanzionata dall'ABF?",L'inefficacia dei sistemi di autenticazione che si basano esclusivamente su codici inviati via SMS.
"Secondo il caso 'Golden Tree', cosa non prova necessariamente la legittimità di un operatore finanziario?","Il possesso di carte di pagamento brandizzate, sedi fisiche o applicazioni in stile banking."
Cosa deve chiedere un utente a un'Autorità finanziaria per verificare un broker sospetto?,Se l'impresa è autorizzata a offrire servizi finanziari nel paese di residenza e quale sia il suo indirizzo web ufficiale.
Perché l'ABF è considerato uno strumento vantaggioso rispetto alla causa civile?,"Perché offre una procedura più rapida, meno costosa e specializzata in materia bancaria e creditizia."
"Nel contesto del trading scam, quale segnale di allarme indica spesso l'illegalità della piattaforma?",La richiesta di pagare tasse o commissioni anticipate per poter prelevare i profitti maturati.
"In caso di contestazione per 'unauthorised transfer', su chi grava l'onere di provare la corretta autenticazione?",Grava sulla banca l'onere di provare che l'operazione è stata correttamente registrata e autenticata.
Quale criterio usa l'ABF per determinare se una banca deve rimborsare una frode da SMS spoofing?,Esamina se la banca ha informato adeguatamente il cliente sui rischi e se le misure di sicurezza erano aggiornate agli standard correnti.
Qual è il limite principale della giurisprudenza ABF per il consumatore?,"Le decisioni dell'ABF non sono giuridicamente vincolanti per la banca, sebbene l'inadempimento comporti sanzioni reputazionali (pubblicazione sul sito)."
Come viene definita la 'Recovery Room' nel materiale didattico?,Una truffa di seconda vittimizzazione dove falsi esperti promettono il recupero di fondi persi in cambio di anticipi.
Cosa si intende per 'autenticazione a più fattori' (MFA) come difesa contro l'account takeover?,L'uso di almeno due livelli di sicurezza indipendenti per confermare l'identità dell'utente durante l'accesso.
Qual è l'importanza di conservare la risposta scritta di un'Autorità finanziaria?,Fornisce una prova documentale della verifica effettuata in caso di futura controversia o truffa.
Cosa indica l'ABF riguardo alla gestione delle 'urgenze' nelle chiamate bancarie?,Le banche reali non chiedono mai di spostare denaro con urgenza verso conti 'sicuri' per proteggere il risparmio.
Qual è l'obiettivo del 'Messaggio semplice da copiare' fornito per le Autorità?,Facilitare la richiesta di informazioni ufficiali sull'esistenza legale e sugli indirizzi web verificati di una società.
"Secondo il manuale, qual è il rischio di inviare documenti tramite chat ordinarie?",Il rischio è il furto d'identità (identity theft) finalizzato all'apertura di conti fraudolenti o prestiti a nome della vittima.
"In un procedimento ABF, cosa si intende per 'cronologia delle operazioni'?","La sequenza esatta temporale degli eventi, dalle prime comunicazioni ricevute alla scoperta dell'operazione fraudolenta."
Quale obbligo informativo ha la banca verso il cliente secondo gli standard ABF?,Deve avvertire il cliente in modo chiaro e specifico sui pericoli delle frodi digitali più comuni (es. vishing e smishing).
Perché l'uso di un 'password manager' è raccomandato contro l'account takeover?,"Permette di utilizzare password uniche e complesse per ogni servizio, limitando il danno se una singola casella viene compromessa."
"In caso di 'Invoice scam', quale verifica è considerata prova di prudenza?",Trattare ogni cambio di coordinate bancarie come un evento isolato da verificare telefonicamente con un contatto fidato.
Qual è la differenza tra phishing e vishing secondo le definizioni fornite?,"Il phishing avviene solitamente tramite link digitali (email/SMS), mentre il vishing avviene tramite chiamata vocale manipolatoria."
"In un ricorso ABF, cosa succede se la banca prova che il cliente ha agito con dolo?",La banca viene esonerata da ogni obbligo di rimborso delle somme sottratte.
Qual è il significato del termine 'stragiudiziale' riferito all'ABF?,Significa che la risoluzione avviene al di fuori del sistema giudiziario ordinario (tribunali).
"Secondo il Caravaggio Codex, a chi deve rivolgersi un utente se il telefono perde improvvisamente il segnale?",Deve contattare immediatamente l'operatore telefonico per scongiurare una frode di tipo SIM Swap.
Quale comportamento del cliente viene spesso considerato 'colpa grave' dall'ABF?,L'inserimento dei propri codici dispositivi in una pagina web chiaramente falsa dopo aver ricevuto un SMS sospetto.
Che cosa deve verificare un utente riguardo a un 'promotore finanziario'?,Deve verificare se il soggetto è iscritto nell'apposito registro ufficiale degli operatori autorizzati a fornire consulenza.
Cosa raccomanda l'orientamento ABF in caso di operazioni eseguite durante orari insoliti?,Le banche dovrebbero avere sistemi automatizzati per segnalare o bloccare transazioni che deviano sensibilmente dalle abitudini del cliente.
Qual è l'utilità del video esplicativo della Banca d'Italia citato nel testo?,Spiegare visivamente il funzionamento dell'Arbitro Bancario Finanziario e le modalità di accesso al servizio.
"In materia di 'Romance Scam', perché è difficile ottenere rimborsi bancari tramite l'ABF?","Perché i bonifici vengono solitamente autorizzati volontariamente dalla vittima sotto manipolazione emotiva, rendendoli 'operazioni autorizzate'."
Quale azione immediata è suggerita se si scopre un accesso sospetto all'account?,Bloccare gli account sensibili collegati e ruotare tutte le credenziali di accesso in sequenza.
Come può un utente distinguere un ente ufficiale da un truffatore in materia fiscale?,Gli enti ufficiali non usano l'urgenza o la segretezza per restituire rimborsi dovuti e non chiedono codici via SMS.
Qual è il pericolo principale dei QR code manipolati?,Possono reindirizzare il pagamento verso un beneficiario diverso o aprire pagine malevole per la cattura dei dati.
Quale regola assoluta si applica alle richieste di pagamento tramite Gift Card?,Nessuna istituzione legittima accetta pagamenti per debiti o multe tramite codici di carte regalo.
Cosa definisce una 'Academy scam' nel settore finanziario?,La vendita di formazione che in realtà serve a indurre l'utente a depositare denaro in piattaforme di trading non autorizzate.
"Secondo l'ABF, la banca può negare il rimborso se il cliente ha comunicato l'OTP a terzi?","Sì, se tale comunicazione è ritenuta un comportamento gravemente imprudente che viola le condizioni contrattuali di sicurezza."
Qual è lo scopo delle 'Pillole di sicurezza WhatsApp'?,Istruire l'utente sull'attivazione della verifica in due passaggi e sulla protezione delle chat tramite codici segreti.
"In caso di truffa 'Deepfake voice', qual è il metodo di verifica suggerito?",Utilizzare una parola in codice familiare o richiamare il parente su un numero di telefono precedentemente noto.
Perché le banche europee sono divise in 'torri' nel Caravaggio Codex?,Per categorizzare e facilitare l'accesso ai link dei servizi reclami specifici per ogni istituto nazionale o continentale.
Qual è l'atteggiamento dell'ABF verso le banche che non implementano il 'blocco automatico'?,Tende a sanzionarle parzialmente se l'operazione era manifestamente anomala rispetto al profilo di rischio dell'utente.
"Secondo il manuale, qual è il vantaggio di utilizzare un 'browser' manuale invece di cliccare sui link?",Evita di atterrare su siti clonati o pagine di phishing create per catturare le credenziali bancarie.
Cosa deve contenere il reclamo alla banca per essere considerato efficace?,"La descrizione dell'evento, la contestazione della mancata diligenza e la richiesta esplicita di rimborso delle somme."
Come definisce l'ABF la 'negligenza' del cliente in caso di malware sul PC?,Analizza se il cliente ha mantenuto aggiornati i sistemi di sicurezza o se ha ignorato avvisi espliciti del software antivirus.
"In caso di Marketplace fraud, quale azione rompe la protezione della piattaforma?","Spostare la trattativa su link esterni, chat private non protette o metodi di pagamento fuori dal sistema ufficiale."
Qual è la lezione dell'operazione 'Golden Tree' riguardo alle app bancarie?,Che anche un'app esteticamente perfetta può essere falsa se l'istituto che la promuove non è autorizzato dalle Autorità.
Qual è il limite di tempo suggerito per la 'riflessione' prima di un bonifico sospetto?,"Almeno 30 minuti, tempo sufficiente per rompere l'urgenza emotiva creata dal truffatore."
"Secondo l'ABF, una banca è responsabile se il cliente digita l'OTP su un sito clone perfetto?","La responsabilità è spesso ripartita, a meno che la banca non dimostri l'estrema negligenza del cliente o l'impeccabilità dei propri sistemi."
Cosa si intende per 'autodifesa attiva' nel Caravaggio Codex?,Passare dal ruolo passivo di vittima a quello attivo di verificatore indipendente attraverso autorità e registri pubblici.